2026-04-26 20:34:44,13.27,0.0,831,4083,Ideal
2026-04-26 20:34:46,13.3,0.0,831,4082,Ideal
2026-04-26 20:34:49,13.16,0.0,833,4080,Ideal
2026-04-26 20:34:51,13.27,0.0,833,4091,Ideal
2026-04-26 20:34:54,13.41,0.0,829,4081,Ideal
2026-04-26 20:34:56,13.23,0.0,830,4078,Ideal
2026-04-26 20:34:59,13.27,0.0,851,4080,Ideal
2026-04-26 20:35:01,13.27,0.0,854,4083,Ideal
2026-04-26 20:35:04,13.27,0.0,855,4079,Ideal
2026-04-26 20:35:06,13.23,0.0,826,4081,Ideal
2026-04-26 20:35:09,13.16,0.0,1070,4083,Ideal
2026-04-26 20:35:11,13.27,0.0,998,4077,Ideal
2026-04-26 20:35:14,13.09,0.0,986,4086,Ideal
2026-04-26 20:35:16,13.09,0.0,976,4081,Ideal
2026-04-26 20:35:19,13.09,0.0,976,4083,Ideal
2026-04-26 20:35:21,13.27,0.0,966,4080,Ideal
2026-04-26 20:35:24,13.16,0.0,971,4075,Ideal
2026-04-26 20:35:26,13.27,0.0,938,3664,Ideal
2026-04-26 20:35:29,13.23,0.0,955,1808,Ideal
2026-04-26 20:35:31,13.27,0.0,963,1906,Ideal
2026-04-26 20:35:34,13.3,0.0,967,1934,Ideal
2026-04-26 20:35:36,13.27,0.0,981,2055,Ideal
2026-04-26 20:35:39,13.34,0.0,937,2098,Ideal
2026-04-26 20:35:41,13.34,0.0,948,2111,Ideal
2026-04-26 20:35:44,13.23,0.0,983,2112,Ideal
2026-04-26 20:35:46,13.27,0.0,957,2160,Ideal
2026-04-26 20:35:49,13.27,0.0,927,2197,Ideal
2026-04-26 20:35:51,13.12,0.0,864,1874,Ideal
2026-04-26 20:35:54,13.16,0.0,927,1931,Ideal
2026-04-26 20:35:56,13.3,0.0,1001,2125,Ideal
2026-04-26 20:35:59,13.3,0.0,848,2160,Ideal
2026-04-26 20:36:01,13.34,0.0,903,1673,Ideal
2026-04-26 20:36:04,13.37,0.0,887,1643,Ideal
2026-04-26 20:36:06,13.34,0.0,893,1710,Ideal
2026-04-26 20:36:09,13.27,0.0,1055,1835,Ideal
2026-04-26 20:36:11,13.37,0.0,1041,1872,Ideal
2026-04-26 20:36:14,13.27,0.0,959,2017,Ideal
2026-04-26 20:36:16,13.16,0.0,950,1971,Ideal
2026-04-26 20:36:19,13.41,0.0,951,1982,Ideal
2026-04-26 20:36:21,13.41,0.0,979,1970,Ideal
2026-04-26 20:36:24,13.41,0.0,1050,2023,Ideal
2026-04-26 20:36:26,13.34,0.0,1043,2064,Ideal
2026-04-26 20:36:29,13.34,0.0,1019,2094,Ideal
2026-04-26 20:36:31,13.09,0.0,1017,2112,Ideal
2026-04-26 20:36:34,13.41,0.0,1021,2126,Ideal
2026-04-26 20:36:36,13.27,0.0,1035,2134,Ideal
2026-04-26 20:36:39,13.27,0.0,1036,2149,Ideal
2026-04-26 20:36:41,13.27,0.0,1023,2146,Ideal
2026-04-26 20:36:44,13.27,0.0,1033,2161,Ideal
2026-04-26 20:36:46,13.27,0.0,1010,2173,Ideal
2026-04-26 20:36:49,13.34,0.0,1008,2176,Ideal
2026-04-26 20:36:51,13.34,0.0,1011,2185,Ideal
2026-04-26 20:36:54,13.3,0.0,1003,2182,Ideal
2026-04-26 20:36:56,13.3,0.0,974,2191,Ideal
2026-04-26 20:36:59,13.23,0.0,1042,2194,Ideal
2026-04-26 20:37:01,13.34,0.0,1045,2196,Ideal
2026-04-26 20:37:04,13.41,0.0,1041,2202,Ideal
2026-04-26 20:37:06,13.41,0.0,1040,2209,Ideal
2026-04-26 20:37:09,13.23,0.0,1042,2204,Ideal
2026-04-26 20:37:11,13.27,0.0,1042,2208,Ideal
2026-04-26 20:37:14,13.37,0.0,1045,2208,Ideal
2026-04-26 20:37:16,13.37,0.0,1048,2215,Ideal
2026-04-26 20:37:19,13.34,0.0,1048,2213,Ideal
2026-04-26 20:37:21,13.41,0.0,1040,2218,Ideal
2026-04-26 20:37:24,13.37,0.0,1051,2215,Ideal
2026-04-26 20:37:26,13.27,0.0,988,2215,Ideal
2026-04-26 20:37:29,13.27,0.0,1070,2219,Ideal
2026-04-26 20:37:31,13.37,0.0,1053,2214,Ideal
2026-04-26 20:37:34,13.41,0.0,1054,2214,Ideal
2026-04-26 20:37:36,13.27,0.0,1051,2221,Ideal
2026-04-26 20:37:39,13.16,0.0,1061,2229,Ideal
2026-04-26 20:37:41,13.12,0.0,1069,2222,Ideal
2026-04-26 20:37:44,13.27,0.0,1069,2224,Ideal
2026-04-26 20:37:46,13.23,0.0,1065,2224,Ideal
2026-04-26 20:37:49,13.23,0.0,1056,2227,Ideal
2026-04-26 20:37:51,13.27,0.0,1055,2224,Ideal
2026-04-26 20:37:54,13.34,0.0,1063,2224,Ideal
2026-04-26 20:37:56,13.27,0.0,1064,2225,Ideal
2026-04-26 20:37:59,13.27,0.0,1061,2229,Ideal
2026-04-26 20:38:01,13.27,0.0,1062,2224,Ideal
2026-04-26 20:38:04,13.41,0.0,997,2224,Ideal
2026-04-26 20:38:06,13.16,0.0,1062,2223,Ideal
2026-04-26 20:38:09,13.27,0.0,989,2224,Ideal
2026-04-26 20:38:11,13.27,0.0,1002,2224,Ideal
2026-04-26 20:38:14,13.12,0.0,1068,2238,Ideal
2026-04-26 20:38:16,13.09,0.0,1063,2223,Ideal
2026-04-26 20:38:19,13.27,0.0,1070,2224,Ideal
2026-04-26 20:38:21,13.23,0.0,1064,2222,Ideal
2026-04-26 20:38:24,13.23,0.0,1065,2223,Ideal
2026-04-26 20:38:26,13.27,0.0,1059,2222,Ideal
2026-04-26 20:38:29,13.12,0.0,1059,2219,Ideal
2026-04-26 20:38:31,13.12,0.0,1063,2215,Ideal
2026-04-26 20:38:34,12.98,0.0,1063,2213,Ideal
2026-04-26 20:38:36,13.09,0.0,1063,2215,Ideal
2026-04-26 20:38:39,13.09,0.0,1065,2213,Ideal
2026-04-26 20:38:41,13.27,0.0,1051,2209,Ideal
2026-04-26 20:38:44,13.27,0.0,1047,2206,Ideal
2026-04-26 20:38:46,13.09,0.0,1049,2208,Ideal
2026-04-26 20:38:49,13.12,0.0,1054,2208,Ideal
2026-04-26 20:38:51,13.23,0.0,1057,2195,Ideal
2026-04-26 20:38:54,13.16,0.0,1056,2196,Ideal
2026-04-26 20:38:56,13.16,0.0,1057,2201,Ideal
2026-04-26 20:38:59,13.34,0.0,1057,2198,Ideal
2026-04-26 20:39:01,13.27,0.0,1060,2202,Ideal
2026-04-26 20:39:04,13.16,0.0,1059,2202,Ideal
2026-04-26 20:39:06,13.09,0.0,1063,2195,Ideal
2026-04-26 20:39:09,13.12,0.0,1060,2196,Ideal
2026-04-26 20:39:11,13.16,0.0,1059,2192,Ideal
2026-04-26 20:39:14,13.16,0.0,1051,2192,Ideal
2026-04-26 20:39:16,13.16,0.0,1051,2190,Ideal
2026-04-26 20:39:19,13.16,0.0,1057,2192,Ideal
2026-04-26 20:39:21,13.12,0.0,1059,2190,Ideal
2026-04-26 20:39:24,13.09,0.0,1058,2191,Ideal
2026-04-26 20:39:26,13.16,0.0,1062,2190,Ideal
2026-04-26 20:39:29,13.27,0.0,1062,2182,Ideal
2026-04-26 20:39:31,13.05,0.0,1063,2187,Ideal
2026-04-26 20:39:34,13.05,0.0,1063,2186,Ideal
2026-04-26 20:39:36,13.05,0.0,1065,2181,Ideal
2026-04-26 20:39:39,13.16,0.0,1069,2177,Ideal
2026-04-26 20:39:41,13.09,0.0,1063,2175,Ideal
2026-04-26 20:39:44,13.09,0.0,1058,2175,Ideal
2026-04-26 20:39:46,13.09,0.0,1057,2179,Ideal
2026-04-26 20:39:49,13.12,0.0,1056,2169,Ideal
2026-04-26 20:39:51,13.12,0.0,1054,2172,Ideal
2026-04-26 20:39:54,13.09,0.0,1055,2173,Ideal
2026-04-26 20:39:56,13.01,0.0,1051,2169,Ideal
2026-04-26 20:39:59,13.09,0.0,1052,2163,Ideal
2026-04-26 20:40:01,13.01,0.0,1053,2162,Ideal
2026-04-26 20:40:04,12.98,0.0,1054,2161,Ideal
2026-04-26 20:40:06,13.05,0.0,1053,2160,Ideal
2026-04-26 20:40:09,13.05,0.0,1054,2171,Ideal
2026-04-26 20:40:11,13.01,0.0,1054,2161,Ideal
2026-04-26 20:40:14,13.05,0.0,1051,2159,Ideal
2026-04-26 20:40:16,13.09,0.0,1056,2161,Ideal
2026-04-26 20:40:19,13.05,0.0,1055,2160,Ideal
2026-04-26 20:40:21,12.94,0.0,1059,2154,Ideal
2026-04-26 20:40:24,13.01,0.0,1056,2157,Ideal
2026-04-26 20:40:26,13.05,0.0,1055,2150,Ideal
2026-04-26 20:40:29,13.09,0.0,1051,2154,Ideal
2026-04-26 20:40:31,13.05,0.0,1053,2149,Ideal
2026-04-26 20:40:34,13.12,0.0,1057,2144,Ideal
2026-04-26 20:40:36,13.01,0.0,1057,2135,Ideal
2026-04-26 20:40:39,13.01,0.0,1058,2143,Ideal
2026-04-26 20:40:41,13.05,0.0,1062,2141,Ideal
2026-04-26 20:40:44,13.01,0.0,1057,2139,Ideal
2026-04-26 20:40:46,13.01,0.0,1059,2145,Ideal
2026-04-26 20:40:49,13.05,0.0,1054,2139,Ideal
2026-04-26 20:40:51,13.12,0.0,1047,2139,Ideal
2026-04-26 20:40:54,13.09,0.0,1047,2159,Ideal
2026-04-26 20:40:56,12.98,0.0,1050,2138,Ideal
2026-04-26 20:40:59,12.94,0.0,1054,2134,Ideal
2026-04-26 20:41:01,12.94,0.0,1053,2131,Ideal
2026-04-26 20:41:04,13.01,0.0,1055,2139,Ideal
2026-04-26 20:41:06,12.98,0.0,1058,2135,Ideal
2026-04-26 20:41:09,13.09,0.0,1055,2133,Ideal
2026-04-26 20:41:11,12.94,0.0,1059,2128,Ideal
2026-04-26 20:41:14,13.01,0.0,1063,2131,Ideal
2026-04-26 20:41:16,12.98,0.0,1064,2128,Ideal
2026-04-26 20:41:19,12.94,0.0,1062,2125,Ideal
2026-04-26 20:41:21,12.94,0.0,1063,2125,Ideal
2026-04-26 20:41:24,13.12,0.0,1059,2126,Ideal
2026-04-26 20:41:26,13.05,0.0,1065,2121,Ideal
2026-04-26 20:41:29,13.05,0.0,1064,2112,Ideal
2026-04-26 20:41:31,12.94,0.0,1066,2122,Ideal
2026-04-26 20:41:34,13.09,0.0,1067,2115,Ideal
2026-04-26 20:41:36,13.12,0.0,1066,2114,Ideal
2026-04-26 20:41:39,12.98,0.0,1066,2115,Ideal
2026-04-26 20:41:41,13.01,0.0,1062,2114,Ideal
2026-04-26 20:41:44,12.98,0.0,1063,2112,Ideal
2026-04-26 20:41:46,13.05,0.0,1054,2112,Ideal
2026-04-26 20:41:49,12.98,0.0,1051,2107,Ideal
2026-04-26 20:41:51,12.94,0.0,1049,2106,Ideal
2026-04-26 20:41:54,12.94,0.0,1047,2111,Ideal
2026-04-26 20:41:56,13.01,0.0,1050,2111,Ideal
2026-04-26 20:41:59,13.01,0.0,1049,2109,Ideal
2026-04-26 20:42:01,12.98,0.0,1049,2106,Ideal
2026-04-26 20:42:04,12.94,0.0,1051,2110,Ideal
2026-04-26 20:42:06,12.9,0.0,1054,2100,Ideal
2026-04-26 20:42:09,12.94,0.0,1054,2093,Ideal
2026-04-26 20:42:11,12.94,0.0,1060,2103,Ideal
2026-04-26 20:42:14,13.01,0.0,1058,2096,Ideal
2026-04-26 20:42:16,12.98,0.0,1061,2096,Ideal
2026-04-26 20:42:19,12.94,0.0,1061,2091,Ideal
2026-04-26 20:42:21,12.94,0.0,1057,2095,Ideal
2026-04-26 20:42:24,12.94,0.0,1059,2096,Ideal
2026-04-26 20:42:26,12.94,0.0,1058,2096,Ideal
2026-04-26 20:42:29,12.98,0.0,1051,2090,Ideal
2026-04-26 20:42:31,13.01,0.0,1045,2094,Ideal
2026-04-26 20:42:34,12.98,0.0,1045,2086,Ideal
2026-04-26 20:42:36,12.94,0.0,1057,2093,Ideal
2026-04-26 20:42:39,12.98,0.0,1066,2085,Ideal
2026-04-26 20:42:41,13.01,0.0,1061,2079,Ideal
2026-04-26 20:42:44,12.94,0.0,1057,2081,Ideal
2026-04-26 20:42:46,13.01,0.0,1055,2083,Ideal
2026-04-26 20:42:49,12.94,0.0,1055,2081,Ideal
2026-04-26 20:42:51,13.01,0.0,1056,2073,Ideal
2026-04-26 20:42:54,12.94,0.0,1059,2080,Ideal
2026-04-26 20:42:56,12.98,0.0,1059,2078,Ideal
2026-04-26 20:42:59,12.94,0.0,1061,2073,Ideal
2026-04-26 20:43:01,12.94,0.0,1063,2067,Ideal
2026-04-26 20:43:04,12.98,0.0,1063,2066,Ideal
2026-04-26 20:43:06,13.05,0.0,1062,2069,Ideal
2026-04-26 20:43:09,12.94,0.0,1053,2062,Ideal
2026-04-26 20:43:11,12.98,0.0,1051,2062,Ideal
2026-04-26 20:43:14,12.94,0.0,1050,2055,Ideal
2026-04-26 20:43:16,12.98,0.0,1047,2062,Ideal
2026-04-26 20:43:19,12.94,0.0,1043,2056,Ideal
2026-04-26 20:43:21,12.94,0.0,1052,2047,Ideal
2026-04-26 20:43:24,12.94,0.0,1056,2046,Ideal
2026-04-26 20:43:26,12.94,0.0,1063,2043,Ideal
2026-04-26 20:43:29,12.94,0.0,1063,2042,Ideal
2026-04-26 20:43:31,12.94,0.0,1056,2046,Ideal
2026-04-26 20:43:34,12.94,0.0,1050,2042,Ideal
2026-04-26 20:43:36,12.94,0.0,1049,2044,Ideal
2026-04-26 20:43:39,12.94,0.0,1049,2037,Ideal
2026-04-26 20:43:41,12.94,0.0,1046,2039,Ideal
2026-04-26 20:43:44,12.94,0.0,1046,2039,Ideal
2026-04-26 20:43:46,12.94,0.0,1054,2036,Ideal
2026-04-26 20:43:49,12.94,0.0,1056,2032,Ideal
2026-04-26 20:43:51,12.94,0.0,1056,2032,Ideal
2026-04-26 20:43:54,12.94,0.0,1059,2031,Ideal
2026-04-26 20:43:56,12.94,0.0,1056,2032,Ideal
2026-04-26 20:43:59,12.94,0.0,1057,2032,Ideal
2026-04-26 20:44:01,12.94,0.0,1031,2032,Ideal
2026-04-26 20:44:04,12.94,0.0,1045,2027,Ideal
2026-04-26 20:44:06,12.94,0.0,1045,2032,Ideal
2026-04-26 20:44:09,12.94,0.0,1046,2025,Ideal
2026-04-26 20:44:11,13.01,0.0,1053,2019,Ideal
2026-04-26 20:44:14,12.94,0.0,1060,2019,Ideal
2026-04-26 20:44:16,12.94,0.0,1063,2019,Ideal
2026-04-26 20:44:19,12.94,0.0,1061,2017,Ideal
2026-04-26 20:44:21,12.94,0.0,1056,2020,Ideal
2026-04-26 20:44:24,12.94,0.0,1046,2019,Ideal
2026-04-26 20:44:26,12.94,0.0,1046,2013,Ideal
2026-04-26 20:44:29,13.01,0.0,1050,2014,Ideal
2026-04-26 20:44:31,12.94,0.0,1061,2011,Ideal
2026-04-26 20:44:34,12.94,0.0,1063,2013,Ideal
2026-04-26 20:44:36,12.94,0.0,1057,2011,Ideal
2026-04-26 20:44:39,12.94,0.0,1053,2007,Ideal
2026-04-26 20:44:41,12.94,0.0,1046,2010,Ideal
2026-04-26 20:44:44,12.94,0.0,1045,2002,Ideal
2026-04-26 20:44:46,12.94,0.0,1054,2005,Ideal
2026-04-26 20:44:49,12.94,0.0,1057,2006,Ideal
2026-04-26 20:44:51,12.94,0.0,1059,2005,Ideal
2026-04-26 20:44:54,12.94,0.0,1060,2005,Ideal
2026-04-26 20:44:56,12.94,0.0,1062,2000,Ideal
2026-04-26 20:44:59,12.94,0.0,1059,2003,Ideal
2026-04-26 20:45:01,12.94,0.0,1060,2005,Ideal
2026-04-26 20:45:04,12.94,0.0,1058,2002,Ideal
2026-04-26 20:45:06,12.94,0.0,1062,2000,Ideal
2026-04-26 20:45:09,12.94,0.0,1061,2000,Ideal
2026-04-26 20:45:11,12.94,0.0,1059,1994,Ideal
2026-04-26 20:45:14,12.98,0.0,1056,1999,Ideal
2026-04-26 20:45:16,12.94,0.0,1050,1994,Ideal
2026-04-26 20:45:19,12.94,0.0,1043,1997,Ideal
2026-04-26 20:45:21,12.94,0.0,1049,1998,Ideal
2026-04-26 20:45:24,12.94,0.0,1053,1993,Ideal
2026-04-26 20:45:26,12.94,0.0,1059,1999,Ideal
2026-04-26 20:45:29,12.98,0.0,1060,1993,Ideal
2026-04-26 20:45:31,12.94,0.0,1059,1997,Ideal
2026-04-26 20:45:34,12.94,0.0,1055,1990,Ideal
2026-04-26 20:45:36,12.94,0.0,1053,1984,Ideal
2026-04-26 20:45:39,13.01,0.0,1050,1991,Ideal
2026-04-26 20:45:41,12.94,0.0,1041,1988,Ideal
2026-04-26 20:45:44,12.98,0.0,1044,1987,Ideal
2026-04-26 20:45:46,12.94,0.0,1043,1985,Ideal
2026-04-26 20:45:49,12.9,0.0,1050,1985,Ideal
2026-04-26 20:45:51,13.01,0.0,1056,1983,Ideal
2026-04-26 20:45:54,12.94,0.0,1052,1979,Ideal
2026-04-26 20:45:56,12.94,0.0,1055,1986,Ideal
2026-04-26 20:45:59,12.94,0.0,1050,1983,Ideal
2026-04-26 20:46:01,12.94,0.0,1047,1987,Ideal
2026-04-26 20:46:04,13.01,0.0,1045,1985,Ideal
2026-04-26 20:46:06,12.94,0.0,1057,1979,Ideal
2026-04-26 20:46:09,12.94,0.0,1063,1983,Ideal
2026-04-26 20:46:11,12.98,0.0,1063,1982,Ideal
2026-04-26 20:46:14,12.94,0.0,1047,1983,Ideal
2026-04-26 20:46:16,12.94,0.0,1047,1974,Ideal
2026-04-26 20:46:19,12.94,0.0,1050,1978,Ideal
2026-04-26 20:46:21,12.94,0.0,1051,1978,Ideal
2026-04-26 20:46:24,12.94,0.0,1055,1983,Ideal
2026-04-26 20:46:26,12.94,0.0,1058,1984,Ideal
2026-04-26 20:46:29,12.94,0.0,1056,1982,Ideal
2026-04-26 20:46:31,13.01,0.0,1066,1975,Ideal
2026-04-26 20:46:34,12.94,0.0,1066,1978,Ideal
2026-04-26 20:46:36,12.98,0.0,1063,1979,Ideal
2026-04-26 20:46:39,12.98,0.0,1062,1969,Ideal
2026-04-26 20:46:41,12.87,0.0,1056,1971,Ideal
2026-04-26 20:46:44,12.98,0.0,1043,1975,Ideal
2026-04-26 20:46:46,12.94,0.0,1053,1970,Ideal
2026-04-26 20:46:49,12.94,0.0,1063,1971,Ideal
2026-04-26 20:46:51,12.98,0.0,1066,1971,Ideal
2026-04-26 20:46:54,12.94,0.0,1063,1970,Ideal
2026-04-26 20:46:56,12.94,0.0,1058,1968,Ideal
2026-04-26 20:46:59,12.98,0.0,1065,1970,Ideal
2026-04-26 20:47:01,13.23,0.0,1063,1971,Ideal
2026-04-26 20:47:04,12.94,0.0,1066,1969,Ideal
2026-04-26 20:47:06,12.98,0.0,1059,1970,Ideal
2026-04-26 20:47:09,12.98,0.0,1054,1968,Ideal
2026-04-26 20:47:11,13.01,0.0,1047,1965,Ideal
2026-04-26 20:47:14,12.94,0.0,1049,1967,Ideal
2026-04-26 20:47:16,12.94,0.0,1050,1968,Ideal
2026-04-26 20:47:19,12.98,0.0,1053,1966,Ideal
2026-04-26 20:47:21,12.98,0.0,1061,1964,Ideal
2026-04-26 20:47:24,12.94,0.0,1061,1967,Ideal
2026-04-26 20:47:26,12.94,0.0,1059,1962,Ideal
2026-04-26 20:47:29,12.94,0.0,1056,1963,Ideal
2026-04-26 20:47:31,12.94,0.0,1055,1963,Ideal
2026-04-26 20:47:34,12.94,0.0,1050,1967,Ideal
2026-04-26 20:47:36,13.01,0.0,1045,1968,Ideal
2026-04-26 20:47:39,12.94,0.0,1049,1959,Ideal
2026-04-26 20:47:41,12.94,0.0,1041,1963,Ideal
2026-04-26 20:47:44,12.9,0.0,1046,1954,Ideal
2026-04-26 20:47:46,12.94,0.0,1054,1957,Ideal
2026-04-26 20:47:49,12.94,0.0,1063,1961,Ideal
2026-04-26 20:47:51,12.94,0.0,1051,1961,Ideal
2026-04-26 20:47:54,12.94,0.0,1050,1956,Ideal
2026-04-26 20:47:56,12.94,0.0,1051,1953,Ideal
2026-04-26 20:47:59,12.94,0.0,1060,1959,Ideal
2026-04-26 20:48:01,12.94,0.0,1067,1955,Ideal
2026-04-26 20:48:04,12.94,0.0,1059,1953,Ideal
2026-04-26 20:48:06,12.94,0.0,1052,1961,Ideal
2026-04-26 20:48:09,12.94,0.0,1046,1969,Ideal
2026-04-26 20:48:11,12.94,0.0,1054,1958,Ideal
2026-04-26 20:48:14,12.94,0.0,1058,1962,Ideal
2026-04-26 20:48:16,12.94,0.0,1061,1961,Ideal
2026-04-26 20:48:19,12.94,0.0,1062,1967,Ideal
2026-04-26 20:48:21,12.94,0.0,1056,1961,Ideal
2026-04-26 20:48:24,12.94,0.0,1048,1965,Ideal
2026-04-26 20:48:26,12.94,0.0,1047,1967,Ideal
2026-04-26 20:48:29,12.94,0.0,1044,1962,Ideal
2026-04-26 20:48:31,12.94,0.0,1045,1961,Ideal
2026-04-26 20:48:34,12.94,0.0,1045,1961,Ideal
2026-04-26 20:48:36,12.87,0.0,1054,1959,Ideal
2026-04-26 20:48:39,12.94,0.0,1062,1961,Ideal
2026-04-26 20:48:41,12.94,0.0,1060,1955,Ideal
2026-04-26 20:48:44,12.87,0.0,1056,1956,Ideal
2026-04-26 20:48:46,12.94,0.0,1052,1963,Ideal
2026-04-26 20:48:49,12.94,0.0,1050,1957,Ideal
2026-04-26 20:48:51,12.94,0.0,1054,1954,Ideal
2026-04-26 20:48:54,12.9,0.0,1049,1953,Ideal
2026-04-26 20:48:56,12.94,0.0,1047,1953,Ideal
2026-04-26 20:48:59,12.94,0.0,1047,1951,Ideal
2026-04-26 20:49:01,12.94,0.0,1052,1949,Ideal
2026-04-26 20:49:04,12.94,0.0,1055,1945,Ideal
2026-04-26 20:49:06,12.94,0.0,1058,1949,Ideal
2026-04-26 20:49:09,12.94,0.0,1056,1951,Ideal
2026-04-26 20:49:11,12.94,0.0,1057,1950,Ideal
2026-04-26 20:49:14,12.94,0.0,1056,1949,Ideal
2026-04-26 20:49:16,12.94,0.0,1054,1953,Ideal
2026-04-26 20:49:19,12.87,0.0,1051,1952,Ideal
2026-04-26 20:49:21,12.8,0.0,1045,1955,Ideal
2026-04-26 20:49:24,12.94,0.0,1045,1947,Ideal
2026-04-26 20:49:26,12.94,0.0,1047,1953,Ideal
2026-04-26 20:49:29,12.9,0.0,1049,1957,Ideal
2026-04-26 20:49:31,12.94,0.0,1053,1953,Ideal
2026-04-26 20:49:34,12.9,0.0,1059,1954,Ideal
2026-04-26 20:49:36,12.9,0.0,1062,1947,Ideal
2026-04-26 20:49:39,12.94,0.0,1062,1947,Ideal
2026-04-26 20:49:41,12.94,0.0,1059,1943,Ideal
2026-04-26 20:49:44,12.94,0.0,1061,1946,Ideal
2026-04-26 20:49:46,12.94,0.0,1057,1948,Ideal
2026-04-26 20:49:49,12.94,0.0,1056,1947,Ideal
2026-04-26 20:49:51,12.94,0.0,1052,1947,Ideal
2026-04-26 20:49:54,12.98,0.0,1045,1949,Ideal
2026-04-26 20:49:56,12.94,0.0,1046,1954,Ideal
2026-04-26 20:49:59,12.9,0.0,1051,1951,Ideal
2026-04-26 20:50:01,12.94,0.0,1049,1949,Ideal
2026-04-26 20:50:04,12.94,0.0,1054,1943,Ideal
2026-04-26 20:50:06,12.94,0.0,1054,1949,Ideal
2026-04-26 20:50:09,12.94,0.0,1057,1942,Ideal
2026-04-26 20:50:11,12.94,0.0,1056,1947,Ideal
2026-04-26 20:50:14,12.94,0.0,1058,1953,Ideal
2026-04-26 20:50:16,13.01,0.0,1058,1950,Ideal
2026-04-26 20:50:19,12.94,0.0,1063,1940,Ideal
2026-04-26 20:50:21,12.94,0.0,1057,1947,Ideal
2026-04-26 20:50:24,12.94,0.0,1051,1942,Ideal
2026-04-26 20:50:26,12.8,0.0,1047,1947,Ideal
2026-04-26 20:50:29,12.94,0.0,1045,1947,Ideal
2026-04-26 20:50:31,12.94,0.0,1042,1943,Ideal
2026-04-26 20:50:34,12.94,0.0,1051,1945,Ideal
2026-04-26 20:50:36,12.94,0.0,1056,1945,Ideal
2026-04-26 20:50:39,12.94,0.0,1063,1936,Ideal
2026-04-26 20:50:41,12.98,0.0,1056,1943,Ideal
2026-04-26 20:50:44,12.94,0.0,1051,1950,Ideal
2026-04-26 20:50:46,12.94,0.0,1045,1942,Ideal
2026-04-26 20:50:49,12.94,0.0,1043,1938,Ideal
2026-04-26 20:50:51,12.9,0.0,1041,1942,Ideal
2026-04-26 20:50:54,12.87,0.0,1046,1939,Ideal
2026-04-26 20:50:56,12.94,0.0,1043,1942,Ideal
2026-04-26 20:50:59,12.94,0.0,1044,1939,Ideal
2026-04-26 20:51:01,12.94,0.0,1044,1925,Ideal
2026-04-26 20:51:04,12.94,0.0,1043,1939,Ideal
2026-04-26 20:51:06,12.94,0.0,1044,1940,Ideal
2026-04-26 20:51:09,12.94,0.0,1050,1938,Ideal
2026-04-26 20:51:11,12.94,0.0,1059,1944,Ideal
2026-04-26 20:51:14,12.94,0.0,1051,1936,Ideal
2026-04-26 20:51:16,12.94,0.0,1043,1937,Ideal
2026-04-26 20:51:19,12.94,0.0,1047,1938,Ideal
2026-04-26 20:51:21,12.9,0.0,1042,1941,Ideal
2026-04-26 20:51:24,12.94,0.0,1041,1945,Ideal
2026-04-26 20:51:26,12.98,0.0,1044,1936,Ideal
2026-04-26 20:51:29,12.94,0.0,1047,1939,Ideal
2026-04-26 20:51:31,12.94,0.0,1050,1936,Ideal
2026-04-26 20:51:34,12.94,0.0,1057,1945,Ideal
2026-04-26 20:51:36,12.98,0.0,1059,1938,Ideal
2026-04-26 20:51:39,12.94,0.0,1054,1937,Ideal
2026-04-26 20:51:41,12.94,0.0,1047,1936,Ideal
2026-04-26 20:51:44,12.83,0.0,1043,1937,Ideal
2026-04-26 20:51:46,12.94,0.0,1043,1935,Ideal
2026-04-26 20:51:49,12.94,0.0,1047,1936,Ideal
2026-04-26 20:51:51,12.94,0.0,1063,1934,Ideal
2026-04-26 20:51:54,12.94,0.0,1069,1936,Ideal
2026-04-26 20:51:56,12.9,0.0,1066,1936,Ideal
2026-04-26 20:51:59,12.94,0.0,1055,1936,Ideal
2026-04-26 20:52:01,12.94,0.0,1054,1936,Ideal
2026-04-26 20:52:04,12.94,0.0,1057,1931,Ideal
2026-04-26 20:52:06,12.94,0.0,1067,1933,Ideal
2026-04-26 20:52:09,12.87,0.0,1061,1936,Ideal
2026-04-26 20:52:11,12.94,0.0,1067,1936,Ideal
2026-04-26 20:52:14,12.94,0.0,1065,1936,Ideal
2026-04-26 20:52:16,12.94,0.0,1063,1932,Ideal
2026-04-26 20:52:19,12.94,0.0,1061,1935,Ideal
2026-04-26 20:52:21,12.94,0.0,1061,1938,Ideal
2026-04-26 20:52:24,12.8,0.0,1063,1933,Ideal
2026-04-26 20:52:26,12.94,0.0,1062,1936,Ideal
2026-04-26 20:52:29,12.9,0.0,1052,1933,Ideal
2026-04-26 20:52:31,12.94,0.0,1053,1935,Ideal
2026-04-26 20:52:34,12.94,0.0,1055,1934,Ideal
2026-04-26 20:52:36,12.94,0.0,1053,1934,Ideal
2026-04-26 20:52:39,12.87,0.0,1053,1934,Ideal
2026-04-26 20:52:41,12.94,0.0,1052,1936,Ideal
2026-04-26 20:52:44,12.9,0.0,1051,1927,Ideal
2026-04-26 20:52:46,12.83,0.0,1056,1923,Ideal
2026-04-26 20:52:49,12.94,0.0,1059,1924,Ideal
2026-04-26 20:52:51,12.8,0.0,1063,1931,Ideal
2026-04-26 20:52:54,12.87,0.0,1058,1933,Ideal
2026-04-26 20:52:56,12.9,0.0,1049,1924,Ideal
2026-04-26 20:52:59,12.87,0.0,1043,1933,Ideal
2026-04-26 20:53:01,12.94,0.0,1045,1926,Ideal
2026-04-26 20:53:04,12.9,0.0,1050,1934,Ideal
2026-04-26 20:53:06,12.94,0.0,1043,1927,Ideal
2026-04-26 20:53:09,12.87,0.0,1047,1916,Ideal
2026-04-26 20:53:11,12.94,0.0,1051,1934,Ideal
2026-04-26 20:53:14,12.94,0.0,1056,1927,Ideal
2026-04-26 20:53:16,12.9,0.0,1058,1935,Ideal
2026-04-26 20:53:19,12.87,0.0,1055,1929,Ideal
2026-04-26 20:53:21,12.94,0.0,1048,1933,Ideal
2026-04-26 20:53:24,12.94,0.0,1042,1930,Ideal
2026-04-26 20:53:26,12.87,0.0,1043,1936,Ideal
2026-04-26 20:53:29,12.94,0.0,1047,1929,Ideal
2026-04-26 20:53:31,12.94,0.0,1059,1931,Ideal
2026-04-26 20:53:34,12.87,0.0,1050,1929,Ideal
2026-04-26 20:53:36,12.9,0.0,1043,1927,Ideal
2026-04-26 20:53:39,12.87,0.0,1051,1932,Ideal
2026-04-26 20:53:41,12.94,0.0,1057,1929,Ideal
2026-04-26 20:53:44,12.94,0.0,1061,1927,Ideal
2026-04-26 20:53:46,12.94,0.0,1057,1926,Ideal
2026-04-26 20:53:49,12.94,0.0,1051,1923,Ideal
2026-04-26 20:53:51,12.94,0.0,1045,1926,Ideal
2026-04-26 20:53:54,12.94,0.0,1045,1929,Ideal
2026-04-26 20:53:56,12.94,0.0,1047,1923,Ideal
2026-04-26 20:53:59,12.9,0.0,1056,1926,Ideal
2026-04-26 20:54:01,12.94,0.0,1057,1924,Ideal
2026-04-26 20:54:04,12.94,0.0,1058,1929,Ideal
2026-04-26 20:54:06,12.94,0.0,1057,1926,Ideal
2026-04-26 20:54:09,12.94,0.0,1059,1926,Ideal
2026-04-26 20:54:11,12.94,0.0,1057,1925,Ideal
2026-04-26 20:54:14,12.9,0.0,1053,1922,Ideal
2026-04-26 20:54:16,12.94,0.0,1047,1918,Ideal
2026-04-26 20:54:19,12.94,0.0,1047,1922,Ideal
2026-04-26 20:54:21,12.9,0.0,1045,1925,Ideal
2026-04-26 20:54:24,12.94,0.0,1045,1921,Ideal
2026-04-26 20:54:26,12.94,0.0,1046,1918,Ideal
2026-04-26 20:54:29,12.87,0.0,1047,1914,Ideal
2026-04-26 20:54:31,12.94,0.0,1055,1922,Ideal
2026-04-26 20:54:34,12.94,0.0,1054,1923,Ideal
2026-04-26 20:54:36,12.94,0.0,1053,1921,Ideal
2026-04-26 20:54:39,12.94,0.0,1051,1919,Ideal
2026-04-26 20:54:41,12.94,0.0,1046,1926,Ideal
2026-04-26 20:54:44,12.94,0.0,1043,1920,Ideal
2026-04-26 20:54:46,12.94,0.0,1040,1922,Ideal
2026-04-26 20:54:49,12.8,0.0,1053,1922,Ideal
2026-04-26 20:54:51,12.83,0.0,1055,1919,Ideal
2026-04-26 20:54:54,12.94,0.0,1057,1917,Ideal
2026-04-26 20:54:56,12.98,0.0,1057,1920,Ideal
2026-04-26 20:54:59,12.94,0.0,1059,1920,Ideal
2026-04-26 20:55:01,12.94,0.0,1061,1917,Ideal
2026-04-26 20:55:04,12.9,0.0,1057,1920,Ideal
2026-04-26 20:55:06,12.94,0.0,1058,1915,Ideal
2026-04-26 20:55:09,12.98,0.0,1055,1913,Ideal
2026-04-26 20:55:11,12.94,0.0,1049,1914,Ideal
2026-04-26 20:55:14,12.94,0.0,1046,1915,Ideal
2026-04-26 20:55:16,12.94,0.0,1041,1911,Ideal
2026-04-26 20:55:19,12.87,0.0,1044,1916,Ideal
2026-04-26 20:55:21,12.94,0.0,1049,1917,Ideal
2026-04-26 20:55:24,12.94,0.0,1057,1917,Ideal
2026-04-26 20:55:26,12.94,0.0,1066,1917,Ideal
2026-04-26 20:55:29,12.94,0.0,1063,1921,Ideal
2026-04-26 20:55:31,12.9,0.0,1063,1916,Ideal
2026-04-26 20:55:34,12.94,0.0,1066,1917,Ideal
2026-04-26 20:55:36,12.94,0.0,1067,1915,Ideal
2026-04-26 20:55:39,12.87,0.0,1062,1918,Ideal
2026-04-26 20:55:41,12.94,0.0,1063,1918,Ideal
2026-04-26 20:55:44,12.94,0.0,1059,1918,Ideal
2026-04-26 20:55:46,12.9,0.0,1052,1915,Ideal
2026-04-26 20:55:49,12.87,0.0,1047,1909,Ideal
2026-04-26 20:55:51,12.94,0.0,1047,1915,Ideal
2026-04-26 20:55:54,12.94,0.0,1049,1913,Ideal
2026-04-26 20:55:56,12.94,0.0,1051,1915,Ideal
2026-04-26 20:55:59,12.94,0.0,1051,1914,Ideal
2026-04-26 20:56:01,12.94,0.0,1058,1918,Ideal
2026-04-26 20:56:04,12.94,0.0,1062,1917,Ideal
2026-04-26 20:56:06,12.94,0.0,1061,1915,Ideal
2026-04-26 20:56:09,12.94,0.0,1062,1907,Ideal
2026-04-26 20:56:11,12.94,0.0,1057,1910,Ideal
2026-04-26 20:56:14,12.87,0.0,1055,1906,Ideal
2026-04-26 20:56:16,12.94,0.0,1055,1908,Ideal
2026-04-26 20:56:19,12.94,0.0,1062,1908,Ideal
2026-04-26 20:56:21,12.94,0.0,1063,1911,Ideal
2026-04-26 20:56:24,12.9,0.0,1063,1915,Ideal
2026-04-26 20:56:26,12.94,0.0,1062,1911,Ideal
2026-04-26 20:56:29,12.87,0.0,1057,1911,Ideal
2026-04-26 20:56:31,12.87,0.0,1054,1914,Ideal
2026-04-26 20:56:34,12.94,0.0,1050,1909,Ideal
2026-04-26 20:56:36,12.9,0.0,1046,1913,Ideal
2026-04-26 20:56:39,12.9,0.0,1047,1909,Ideal
2026-04-26 20:56:41,12.94,0.0,1049,1913,Ideal
2026-04-26 20:56:44,12.94,0.0,1055,1908,Ideal
2026-04-26 20:56:46,12.9,0.0,1057,1918,Ideal
2026-04-26 20:56:49,12.94,0.0,1059,1916,Ideal
2026-04-26 20:56:51,12.94,0.0,1061,1917,Ideal
2026-04-26 20:56:54,12.94,0.0,1062,1913,Ideal
2026-04-26 20:56:56,12.94,0.0,1065,1917,Ideal
2026-04-26 20:56:59,12.9,0.0,1063,1907,Ideal
2026-04-26 20:57:01,12.94,0.0,1060,1904,Ideal
2026-04-26 20:57:04,12.94,0.0,1060,1910,Ideal
2026-04-26 20:57:06,12.9,0.0,1058,1904,Ideal
2026-04-26 20:57:09,12.9,0.0,1059,1909,Ideal
2026-04-26 20:57:11,12.94,0.0,1060,1906,Ideal
2026-04-26 20:57:14,12.94,0.0,1061,1913,Ideal
2026-04-26 20:57:16,12.94,0.0,1062,1909,Ideal
2026-04-26 20:57:19,12.87,0.0,1058,1911,Ideal
2026-04-26 20:57:21,12.9,0.0,1056,1911,Ideal
2026-04-26 20:57:24,12.94,0.0,1047,1906,Ideal
2026-04-26 20:57:26,12.94,0.0,1046,1909,Ideal
2026-04-26 20:57:29,12.9,0.0,1049,1909,Ideal
2026-04-26 20:57:31,12.83,0.0,1054,1904,Ideal
2026-04-26 20:57:34,12.94,0.0,1055,1910,Ideal
2026-04-26 20:57:36,12.94,0.0,1059,1904,Ideal
2026-04-26 20:57:39,12.94,0.0,1059,1904,Ideal
2026-04-26 20:57:41,12.87,0.0,1047,1907,Ideal
2026-04-26 20:57:44,13.05,0.0,1049,1907,Ideal
2026-04-26 20:57:46,12.94,0.0,1061,1911,Ideal
2026-04-26 20:57:49,12.94,0.0,1054,1903,Ideal
2026-04-26 20:57:51,12.9,0.0,1047,1909,Ideal
2026-04-26 20:57:54,12.94,0.0,1046,1920,Ideal
2026-04-26 20:57:56,12.9,0.0,1050,1909,Ideal
2026-04-26 20:57:59,12.94,0.0,1051,1904,Ideal
2026-04-26 20:58:01,12.94,0.0,1050,1905,Ideal
2026-04-26 20:58:04,12.94,0.0,1054,1908,Ideal
2026-04-26 20:58:06,12.8,0.0,1051,1910,Ideal
2026-04-26 20:58:09,12.8,0.0,1045,1904,Ideal
2026-04-26 20:58:11,12.94,0.0,1046,1908,Ideal
2026-04-26 20:58:14,12.87,0.0,1051,1904,Ideal
2026-04-26 20:58:16,12.94,0.0,1059,1904,Ideal
2026-04-26 20:58:19,12.94,0.0,1058,1907,Ideal
2026-04-26 20:58:21,12.8,0.0,1049,1904,Ideal
2026-04-26 20:58:24,12.94,0.0,1043,1904,Ideal
2026-04-26 20:58:26,12.87,0.0,1042,1904,Ideal
2026-04-26 20:58:29,12.9,0.0,1041,1904,Ideal
2026-04-26 20:58:31,12.8,0.0,1043,1905,Ideal
2026-04-26 20:58:34,12.9,0.0,1043,1903,Ideal
2026-04-26 20:58:36,12.87,0.0,1046,1897,Ideal
2026-04-26 20:58:39,12.94,0.0,1041,1902,Ideal
2026-04-26 20:58:41,12.94,0.0,1041,1904,Ideal
2026-04-26 20:58:44,12.94,0.0,1043,1904,Ideal
2026-04-26 20:58:46,12.9,0.0,1040,1905,Ideal
2026-04-26 20:58:49,12.94,0.0,1046,1903,Ideal
2026-04-26 20:58:51,12.94,0.0,1047,1903,Ideal
2026-04-26 20:58:54,12.94,0.0,1051,1903,Ideal
2026-04-26 20:58:56,12.94,0.0,1059,1902,Ideal
2026-04-26 20:58:59,12.94,0.0,1054,1903,Ideal
2026-04-26 20:59:01,12.94,0.0,1055,1904,Ideal
2026-04-26 20:59:04,12.94,0.0,1056,1905,Ideal
2026-04-26 20:59:06,12.9,0.0,1056,1899,Ideal
2026-04-26 20:59:09,12.94,0.0,1058,1904,Ideal
2026-04-26 20:59:11,12.94,0.0,1053,1904,Ideal
2026-04-26 20:59:14,12.94,0.0,1040,1897,Ideal
2026-04-26 20:59:16,12.98,0.0,1050,1888,Ideal
2026-04-26 20:59:19,12.94,0.0,1057,1899,Ideal
2026-04-26 20:59:21,12.8,0.0,1061,1900,Ideal
2026-04-26 20:59:24,12.87,0.0,1056,1902,Ideal
2026-04-26 20:59:26,12.94,0.0,1054,1898,Ideal
2026-04-26 20:59:29,12.87,0.0,1053,1902,Ideal
2026-04-26 20:59:31,12.94,0.0,1047,1893,Ideal
2026-04-26 20:59:34,12.87,0.0,1045,1901,Ideal
2026-04-26 20:59:36,12.94,0.0,1042,1898,Ideal
2026-04-26 20:59:39,12.94,0.0,1044,1898,Ideal
2026-04-26 20:59:41,12.94,0.0,1052,1893,Ideal
2026-04-26 20:59:44,12.94,0.0,1059,1899,Ideal
2026-04-26 20:59:46,12.87,0.0,1058,1897,Ideal
2026-04-26 20:59:49,12.9,0.0,1051,1894,Ideal
2026-04-26 20:59:51,12.94,0.0,1051,1895,Ideal
2026-04-26 20:59:54,12.94,0.0,1055,1899,Ideal
2026-04-26 20:59:56,12.94,0.0,1054,1904,Ideal
2026-04-26 20:59:59,12.94,0.0,1053,1904,Ideal
2026-04-26 21:00:01,12.9,0.0,1054,1904,Ideal
2026-04-26 21:00:04,12.94,0.0,1051,1902,Ideal
2026-04-26 21:00:06,12.94,0.0,1047,1900,Ideal
2026-04-26 21:00:09,12.94,0.0,1042,1902,Ideal
2026-04-26 21:00:11,12.87,0.0,1041,1898,Ideal
2026-04-26 21:00:14,12.9,0.0,1042,1897,Ideal
2026-04-26 21:00:16,12.87,0.0,1040,1901,Ideal
2026-04-26 21:00:19,12.94,0.0,1040,1902,Ideal
2026-04-26 21:00:21,12.94,0.0,1043,1902,Ideal
2026-04-26 21:00:24,12.94,0.0,1043,1893,Ideal
2026-04-26 21:00:26,12.94,0.0,1046,1902,Ideal
2026-04-26 21:00:29,12.94,0.0,1053,1903,Ideal
2026-04-26 21:00:31,12.94,0.0,1057,1898,Ideal
2026-04-26 21:00:34,12.94,0.0,1061,1894,Ideal
2026-04-26 21:00:36,12.94,0.0,1058,1901,Ideal
2026-04-26 21:00:39,12.94,0.0,1058,1902,Ideal
2026-04-26 21:00:41,12.8,0.0,1060,1902,Ideal
2026-04-26 21:00:44,12.8,0.0,1058,1904,Ideal
2026-04-26 21:00:46,12.87,0.0,1054,1900,Ideal
2026-04-26 21:00:49,12.9,0.0,1046,1907,Ideal
2026-04-26 21:00:51,12.9,0.0,1053,1904,Ideal
2026-04-26 21:00:54,12.94,0.0,1059,1903,Ideal
2026-04-26 21:00:56,12.94,0.0,1057,1906,Ideal
2026-04-26 21:00:59,12.87,0.0,1058,1903,Ideal
2026-04-26 21:01:01,12.94,0.0,1057,1901,Ideal
2026-04-26 21:01:04,12.94,0.0,1059,1904,Ideal
2026-04-26 21:01:06,12.94,0.0,1059,1904,Ideal
2026-04-26 21:01:09,12.94,0.0,1063,1907,Ideal
2026-04-26 21:01:11,12.87,0.0,1055,1904,Ideal
2026-04-26 21:01:14,12.87,0.0,1056,1906,Ideal
2026-04-26 21:01:16,12.94,0.0,1052,1904,Ideal
2026-04-26 21:01:19,12.8,0.0,1047,1904,Ideal
2026-04-26 21:01:21,12.94,0.0,1045,1905,Ideal
2026-04-26 21:01:24,12.87,0.0,1046,1903,Ideal
2026-04-26 21:01:26,12.87,0.0,1044,1904,Ideal
2026-04-26 21:01:29,12.9,0.0,1046,1902,Ideal
2026-04-26 21:01:31,12.94,0.0,1046,1903,Ideal
2026-04-26 21:01:34,12.87,0.0,1047,1901,Ideal
2026-04-26 21:01:36,12.9,0.0,1043,1904,Ideal
2026-04-26 21:01:39,12.9,0.0,1050,1902,Ideal
2026-04-26 21:01:41,12.9,0.0,1049,1903,Ideal
2026-04-26 21:01:44,12.9,0.0,1051,1904,Ideal
2026-04-26 21:01:46,12.94,0.0,1050,1902,Ideal
2026-04-26 21:01:49,12.94,0.0,1050,1904,Ideal
2026-04-26 21:01:51,12.94,0.0,1047,1898,Ideal
2026-04-26 21:01:54,12.94,0.0,1056,1900,Ideal
2026-04-26 21:01:56,12.9,0.0,1064,1899,Ideal
2026-04-26 21:01:59,12.94,0.0,1062,1900,Ideal
2026-04-26 21:02:01,12.9,0.0,1059,1904,Ideal
2026-04-26 21:02:04,12.83,0.0,1056,1904,Ideal
2026-04-26 21:02:06,12.94,0.0,1055,1904,Ideal
2026-04-26 21:02:09,12.98,0.0,1057,1904,Ideal
2026-04-26 21:02:11,13.01,0.0,1061,1905,Ideal
2026-04-26 21:02:14,12.9,0.0,1062,1904,Ideal
2026-04-26 21:02:16,12.94,0.0,1065,1901,Ideal
2026-04-26 21:02:19,12.94,0.0,1062,1904,Ideal
2026-04-26 21:02:21,12.94,0.0,1063,1905,Ideal
2026-04-26 21:02:24,12.94,0.0,1063,1899,Ideal
2026-04-26 21:02:26,12.83,0.0,1061,1902,Ideal
2026-04-26 21:02:29,12.9,0.0,1055,1903,Ideal
2026-04-26 21:02:31,12.94,0.0,1052,1899,Ideal
2026-04-26 21:02:34,12.94,0.0,1049,1899,Ideal
2026-04-26 21:02:36,12.94,0.0,1050,1903,Ideal
2026-04-26 21:02:39,12.87,0.0,1047,1904,Ideal
2026-04-26 21:02:41,12.9,0.0,1048,1906,Ideal
2026-04-26 21:02:44,12.94,0.0,1046,1906,Ideal
2026-04-26 21:02:46,12.94,0.0,1052,1904,Ideal
2026-04-26 21:02:49,12.9,0.0,1063,1903,Ideal
2026-04-26 21:02:51,12.8,0.0,1051,1903,Ideal
2026-04-26 21:02:54,12.87,0.0,1051,1895,Ideal
2026-04-26 21:02:56,12.94,0.0,1055,1902,Ideal
2026-04-26 21:02:59,12.94,0.0,1060,1904,Ideal
2026-04-26 21:03:01,12.94,0.0,1056,1903,Ideal
2026-04-26 21:03:04,12.94,0.0,1057,1898,Ideal
2026-04-26 21:03:06,12.87,0.0,1038,1897,Ideal
2026-04-26 21:03:09,12.87,0.0,1034,1898,Ideal
2026-04-26 21:03:11,12.94,0.0,1035,1903,Ideal
2026-04-26 21:03:14,12.9,0.0,1042,1891,Ideal
2026-04-26 21:03:16,12.9,0.0,1045,1894,Ideal
2026-04-26 21:03:19,12.87,0.0,1043,1895,Ideal
2026-04-26 21:03:21,12.94,0.0,1044,1898,Ideal
2026-04-26 21:03:24,12.87,0.0,1042,1897,Ideal
2026-04-26 21:03:26,12.83,0.0,1040,1894,Ideal
2026-04-26 21:03:29,12.8,0.0,1041,1897,Ideal
2026-04-26 21:03:31,12.9,0.0,1040,1887,Ideal
2026-04-26 21:03:34,12.8,0.0,1042,1897,Ideal
2026-04-26 21:03:36,12.9,0.0,1040,1890,Ideal
2026-04-26 21:03:39,12.8,0.0,1040,1895,Ideal
2026-04-26 21:03:41,12.9,0.0,1040,1893,Ideal
2026-04-26 21:03:44,12.9,0.0,1038,1891,Ideal
2026-04-26 21:03:46,12.94,0.0,1035,1891,Ideal
2026-04-26 21:03:49,12.94,0.0,1039,1891,Ideal
2026-04-26 21:03:51,12.94,0.0,1038,1895,Ideal
2026-04-26 21:03:54,12.76,0.0,1031,1888,Ideal
2026-04-26 21:03:56,12.8,0.0,1031,1889,Ideal
2026-04-26 21:03:59,12.9,0.0,1037,1891,Ideal
2026-04-26 21:04:01,12.9,0.0,1040,1893,Ideal
2026-04-26 21:04:04,12.8,0.0,1037,1894,Ideal
2026-04-26 21:04:06,12.94,0.0,1038,1895,Ideal
2026-04-26 21:04:09,12.94,0.0,1040,1893,Ideal
2026-04-26 21:04:11,12.94,0.0,1040,1894,Ideal
2026-04-26 21:04:14,12.9,0.0,1042,1887,Ideal
2026-04-26 21:04:16,12.83,0.0,1041,1893,Ideal
2026-04-26 21:04:19,12.9,0.0,1046,1887,Ideal
2026-04-26 21:04:21,12.94,0.0,1045,1899,Ideal
2026-04-26 21:04:24,12.9,0.0,1045,1887,Ideal
2026-04-26 21:04:26,12.94,0.0,1043,1887,Ideal
2026-04-26 21:04:29,12.94,0.0,1041,1898,Ideal
2026-04-26 21:04:31,12.9,0.0,1040,1891,Ideal
2026-04-26 21:04:34,12.94,0.0,1041,1890,Ideal
2026-04-26 21:04:36,12.83,0.0,1045,1888,Ideal
2026-04-26 21:04:39,12.94,0.0,1041,1882,Ideal
2026-04-26 21:04:41,12.9,0.0,1044,1891,Ideal
2026-04-26 21:04:44,12.94,0.0,1042,1888,Ideal
2026-04-26 21:04:46,12.83,0.0,1037,1889,Ideal
2026-04-26 21:04:49,12.94,0.0,1035,1887,Ideal
2026-04-26 21:04:51,12.87,0.0,1033,1887,Ideal
2026-04-26 21:04:54,12.94,0.0,1038,1885,Ideal
2026-04-26 21:04:56,12.94,0.0,1038,1885,Ideal
2026-04-26 21:04:59,12.98,0.0,1040,1891,Ideal
2026-04-26 21:05:01,12.87,0.0,1043,1889,Ideal
2026-04-26 21:05:04,12.87,0.0,1042,1892,Ideal
2026-04-26 21:05:06,12.87,0.0,1036,1887,Ideal
2026-04-26 21:05:09,12.8,0.0,1023,1890,Ideal
2026-04-26 21:05:11,12.9,0.0,1031,1889,Ideal
2026-04-26 21:05:14,12.9,0.0,1036,1884,Ideal
2026-04-26 21:05:16,12.94,0.0,1035,1891,Ideal
2026-04-26 21:05:19,12.94,0.0,1039,1888,Ideal
2026-04-26 21:05:21,12.94,0.0,1040,1893,Ideal
2026-04-26 21:05:24,12.94,0.0,1040,1892,Ideal
2026-04-26 21:05:26,12.9,0.0,1040,1887,Ideal
2026-04-26 21:05:29,12.87,0.0,1040,1891,Ideal
2026-04-26 21:05:31,12.94,0.0,1040,1887,Ideal
2026-04-26 21:05:34,12.94,0.0,1038,1890,Ideal
2026-04-26 21:05:36,12.94,0.0,1033,1889,Ideal
2026-04-26 21:05:39,12.94,0.0,1023,1883,Ideal
2026-04-26 21:05:41,12.94,0.0,1023,1886,Ideal
2026-04-26 21:05:44,12.9,0.0,1023,1885,Ideal
2026-04-26 21:05:46,12.94,0.0,1023,1893,Ideal
2026-04-26 21:05:49,12.94,0.0,1023,1888,Ideal
2026-04-26 21:05:51,12.94,0.0,1023,1891,Ideal
2026-04-26 21:05:54,12.9,0.0,1023,1886,Ideal
2026-04-26 21:05:56,12.94,0.0,1023,1896,Ideal
2026-04-26 21:05:59,12.94,0.0,1022,1895,Ideal
2026-04-26 21:06:01,12.87,0.0,1022,1892,Ideal
2026-04-26 21:06:04,12.94,0.0,1023,1887,Ideal
2026-04-26 21:06:06,12.94,0.0,1022,1887,Ideal
2026-04-26 21:06:09,12.94,0.0,1034,1881,Ideal
2026-04-26 21:06:11,12.94,0.0,1042,1894,Ideal
2026-04-26 21:06:14,12.94,0.0,1053,1887,Ideal
2026-04-26 21:06:16,12.94,0.0,1059,1891,Ideal
2026-04-26 21:06:19,12.94,0.0,1059,1892,Ideal
2026-04-26 21:06:21,12.94,0.0,1059,1888,Ideal
2026-04-26 21:06:24,12.94,0.0,1057,1893,Ideal
2026-04-26 21:06:26,12.76,0.0,1058,1890,Ideal
2026-04-26 21:06:29,12.87,0.0,1055,1889,Ideal
2026-04-26 21:06:31,12.9,0.0,1050,1898,Ideal
2026-04-26 21:06:34,12.94,0.0,1041,1890,Ideal
2026-04-26 21:06:36,12.94,0.0,1043,1890,Ideal
2026-04-26 21:06:39,12.9,0.0,1055,1893,Ideal
2026-04-26 21:06:41,12.94,0.0,1058,1889,Ideal
2026-04-26 21:06:44,12.94,0.0,1058,1894,Ideal
2026-04-26 21:06:46,12.87,0.0,1052,1888,Ideal
2026-04-26 21:06:49,12.87,0.0,1050,1889,Ideal
2026-04-26 21:06:51,12.94,0.0,1045,1891,Ideal
2026-04-26 21:06:54,12.94,0.0,1041,1890,Ideal
2026-04-26 21:06:56,12.87,0.0,1044,1893,Ideal
2026-04-26 21:06:59,12.98,0.0,1054,1886,Ideal
2026-04-26 21:07:01,12.94,0.0,1060,1891,Ideal
2026-04-26 21:07:04,12.83,0.0,1057,1889,Ideal
2026-04-26 21:07:06,12.94,0.0,1050,1891,Ideal
2026-04-26 21:07:09,12.8,0.0,1046,1887,Ideal
2026-04-26 21:07:11,12.94,0.0,1045,1886,Ideal
2026-04-26 21:07:14,12.9,0.0,1046,1891,Ideal
2026-04-26 21:07:16,12.94,0.0,1056,1886,Ideal
2026-04-26 21:07:19,12.94,0.0,1045,1889,Ideal
2026-04-26 21:07:21,12.94,0.0,1043,1887,Ideal
2026-04-26 21:07:24,12.94,0.0,1052,1894,Ideal
2026-04-26 21:07:26,12.9,0.0,1058,1889,Ideal
2026-04-26 21:07:29,12.87,0.0,1058,1893,Ideal
2026-04-26 21:07:31,12.8,0.0,1051,1888,Ideal
2026-04-26 21:07:34,12.87,0.0,1051,1887,Ideal
2026-04-26 21:07:36,12.94,0.0,1051,1888,Ideal
2026-04-26 21:07:39,12.94,0.0,1050,1887,Ideal
2026-04-26 21:07:41,12.94,0.0,1051,1886,Ideal
2026-04-26 21:07:44,12.94,0.0,1045,1882,Ideal
2026-04-26 21:07:46,12.98,0.0,1051,1884,Ideal
2026-04-26 21:07:49,12.94,0.0,1051,1889,Ideal
2026-04-26 21:07:51,12.9,0.0,1051,1885,Ideal
2026-04-26 21:07:54,12.87,0.0,1052,1881,Ideal
2026-04-26 21:07:56,12.94,0.0,1053,1886,Ideal
2026-04-26 21:07:59,12.9,0.0,1050,1883,Ideal
2026-04-26 21:08:01,12.94,0.0,1047,1911,Ideal
2026-04-26 21:08:04,12.9,0.0,1043,1890,Ideal
2026-04-26 21:08:06,12.8,0.0,1045,1881,Ideal
2026-04-26 21:08:09,12.8,0.0,1051,1879,Ideal
2026-04-26 21:08:11,12.94,0.0,1045,1881,Ideal
