13.27,0.00,4083,831,Ideal
13.30,0.00,4082,831,Ideal
13.16,0.00,4080,833,Ideal
13.27,0.00,4091,833,Ideal
13.41,0.00,4081,829,Ideal
13.23,0.00,4078,830,Ideal
13.27,0.00,4080,851,Ideal
13.27,0.00,4083,854,Ideal
13.27,0.00,4079,855,Ideal
13.23,0.00,4081,826,Ideal
13.16,0.00,4083,1070,Ideal
13.27,0.00,4077,998,Ideal
13.09,0.00,4086,986,Ideal
13.09,0.00,4081,976,Ideal
13.09,0.00,4083,976,Ideal
13.27,0.00,4080,966,Ideal
13.16,0.00,4075,971,Ideal
13.27,0.00,3664,938,Ideal
13.23,0.00,1808,955,Ideal
13.27,0.00,1906,963,Ideal
13.30,0.00,1934,967,Ideal
13.27,0.00,2055,981,Ideal
13.34,0.00,2098,937,Ideal
13.34,0.00,2111,948,Ideal
13.23,0.00,2112,983,Ideal
13.27,0.00,2160,957,Ideal
13.27,0.00,2197,927,Ideal
13.12,0.00,1874,864,Ideal
13.16,0.00,1931,927,Ideal
13.30,0.00,2125,1001,Ideal
13.30,0.00,2160,848,Ideal
13.34,0.00,1673,903,Ideal
13.37,0.00,1643,887,Ideal
13.34,0.00,1710,893,Ideal
13.27,0.00,1835,1055,Ideal
13.37,0.00,1872,1041,Ideal
13.27,0.00,2017,959,Ideal
13.16,0.00,1971,950,Ideal
13.41,0.00,1982,951,Ideal
13.41,0.00,1970,979,Ideal
13.41,0.00,2023,1050,Ideal
13.34,0.00,2064,1043,Ideal
13.34,0.00,2094,1019,Ideal
13.09,0.00,2112,1017,Ideal
13.41,0.00,2126,1021,Ideal
13.27,0.00,2134,1035,Ideal
13.27,0.00,2149,1036,Ideal
13.27,0.00,2146,1023,Ideal
13.27,0.00,2161,1033,Ideal
13.27,0.00,2173,1010,Ideal
13.34,0.00,2176,1008,Ideal
13.34,0.00,2185,1011,Ideal
13.30,0.00,2182,1003,Ideal
13.30,0.00,2191,974,Ideal
13.23,0.00,2194,1042,Ideal
13.34,0.00,2196,1045,Ideal
13.41,0.00,2202,1041,Ideal
13.41,0.00,2209,1040,Ideal
13.23,0.00,2204,1042,Ideal
13.27,0.00,2208,1042,Ideal
13.37,0.00,2208,1045,Ideal
13.37,0.00,2215,1048,Ideal
13.34,0.00,2213,1048,Ideal
13.41,0.00,2218,1040,Ideal
13.37,0.00,2215,1051,Ideal
13.27,0.00,2215,988,Ideal
13.27,0.00,2219,1070,Ideal
13.37,0.00,2214,1053,Ideal
13.41,0.00,2214,1054,Ideal
13.27,0.00,2221,1051,Ideal
13.16,0.00,2229,1061,Ideal
13.12,0.00,2222,1069,Ideal
13.27,0.00,2224,1069,Ideal
13.23,0.00,2224,1065,Ideal
13.23,0.00,2227,1056,Ideal
13.27,0.00,2224,1055,Ideal
13.34,0.00,2224,1063,Ideal
13.27,0.00,2225,1064,Ideal
13.27,0.00,2229,1061,Ideal
13.27,0.00,2224,1062,Ideal
13.41,0.00,2224,997,Ideal
13.16,0.00,2223,1062,Ideal
13.27,0.00,2224,989,Ideal
13.27,0.00,2224,1002,Ideal
13.12,0.00,2238,1068,Ideal
13.09,0.00,2223,1063,Ideal
13.27,0.00,2224,1070,Ideal
13.23,0.00,2222,1064,Ideal
13.23,0.00,2223,1065,Ideal
13.27,0.00,2222,1059,Ideal
13.12,0.00,2219,1059,Ideal
13.12,0.00,2215,1063,Ideal
12.98,0.00,2213,1063,Ideal
13.09,0.00,2215,1063,Ideal
13.09,0.00,2213,1065,Ideal
13.27,0.00,2209,1051,Ideal
13.27,0.00,2206,1047,Ideal
13.09,0.00,2208,1049,Ideal
13.12,0.00,2208,1054,Ideal
13.23,0.00,2195,1057,Ideal
13.16,0.00,2196,1056,Ideal
13.16,0.00,2201,1057,Ideal
13.34,0.00,2198,1057,Ideal
13.27,0.00,2202,1060,Ideal
13.16,0.00,2202,1059,Ideal
13.09,0.00,2195,1063,Ideal
13.12,0.00,2196,1060,Ideal
13.16,0.00,2192,1059,Ideal
13.16,0.00,2192,1051,Ideal
13.16,0.00,2190,1051,Ideal
13.16,0.00,2192,1057,Ideal
13.12,0.00,2190,1059,Ideal
13.09,0.00,2191,1058,Ideal
13.16,0.00,2190,1062,Ideal
13.27,0.00,2182,1062,Ideal
13.05,0.00,2187,1063,Ideal
13.05,0.00,2186,1063,Ideal
13.05,0.00,2181,1065,Ideal
13.16,0.00,2177,1069,Ideal
13.09,0.00,2175,1063,Ideal
13.09,0.00,2175,1058,Ideal
13.09,0.00,2179,1057,Ideal
13.12,0.00,2169,1056,Ideal
13.12,0.00,2172,1054,Ideal
13.09,0.00,2173,1055,Ideal
13.01,0.00,2169,1051,Ideal
13.09,0.00,2163,1052,Ideal
13.01,0.00,2162,1053,Ideal
12.98,0.00,2161,1054,Ideal
13.05,0.00,2160,1053,Ideal
13.05,0.00,2171,1054,Ideal
13.01,0.00,2161,1054,Ideal
13.05,0.00,2159,1051,Ideal
13.09,0.00,2161,1056,Ideal
13.05,0.00,2160,1055,Ideal
12.94,0.00,2154,1059,Ideal
13.01,0.00,2157,1056,Ideal
13.05,0.00,2150,1055,Ideal
13.09,0.00,2154,1051,Ideal
13.05,0.00,2149,1053,Ideal
13.12,0.00,2144,1057,Ideal
13.01,0.00,2135,1057,Ideal
13.01,0.00,2143,1058,Ideal
13.05,0.00,2141,1062,Ideal
13.01,0.00,2139,1057,Ideal
13.01,0.00,2145,1059,Ideal
13.05,0.00,2139,1054,Ideal
13.12,0.00,2139,1047,Ideal
13.09,0.00,2159,1047,Ideal
12.98,0.00,2138,1050,Ideal
12.94,0.00,2134,1054,Ideal
12.94,0.00,2131,1053,Ideal
13.01,0.00,2139,1055,Ideal
12.98,0.00,2135,1058,Ideal
13.09,0.00,2133,1055,Ideal
12.94,0.00,2128,1059,Ideal
13.01,0.00,2131,1063,Ideal
12.98,0.00,2128,1064,Ideal
12.94,0.00,2125,1062,Ideal
12.94,0.00,2125,1063,Ideal
13.12,0.00,2126,1059,Ideal
13.05,0.00,2121,1065,Ideal
13.05,0.00,2112,1064,Ideal
12.94,0.00,2122,1066,Ideal
13.09,0.00,2115,1067,Ideal
13.12,0.00,2114,1066,Ideal
12.98,0.00,2115,1066,Ideal
13.01,0.00,2114,1062,Ideal
12.98,0.00,2112,1063,Ideal
13.05,0.00,2112,1054,Ideal
12.98,0.00,2107,1051,Ideal
12.94,0.00,2106,1049,Ideal
12.94,0.00,2111,1047,Ideal
13.01,0.00,2111,1050,Ideal
13.01,0.00,2109,1049,Ideal
12.98,0.00,2106,1049,Ideal
12.94,0.00,2110,1051,Ideal
12.90,0.00,2100,1054,Ideal
12.94,0.00,2093,1054,Ideal
12.94,0.00,2103,1060,Ideal
13.01,0.00,2096,1058,Ideal
12.98,0.00,2096,1061,Ideal
12.94,0.00,2091,1061,Ideal
12.94,0.00,2095,1057,Ideal
12.94,0.00,2096,1059,Ideal
12.94,0.00,2096,1058,Ideal
12.98,0.00,2090,1051,Ideal
13.01,0.00,2094,1045,Ideal
12.98,0.00,2086,1045,Ideal
12.94,0.00,2093,1057,Ideal
12.98,0.00,2085,1066,Ideal
13.01,0.00,2079,1061,Ideal
12.94,0.00,2081,1057,Ideal
13.01,0.00,2083,1055,Ideal
12.94,0.00,2081,1055,Ideal
13.01,0.00,2073,1056,Ideal
12.94,0.00,2080,1059,Ideal
12.98,0.00,2078,1059,Ideal
12.94,0.00,2073,1061,Ideal
12.94,0.00,2067,1063,Ideal
12.98,0.00,2066,1063,Ideal
13.05,0.00,2069,1062,Ideal
12.94,0.00,2062,1053,Ideal
12.98,0.00,2062,1051,Ideal
12.94,0.00,2055,1050,Ideal
12.98,0.00,2062,1047,Ideal
12.94,0.00,2056,1043,Ideal
12.94,0.00,2047,1052,Ideal
12.94,0.00,2046,1056,Ideal
12.94,0.00,2043,1063,Ideal
12.94,0.00,2042,1063,Ideal
12.94,0.00,2046,1056,Ideal
12.94,0.00,2042,1050,Ideal
12.94,0.00,2044,1049,Ideal
12.94,0.00,2037,1049,Ideal
12.94,0.00,2039,1046,Ideal
12.94,0.00,2039,1046,Ideal
12.94,0.00,2036,1054,Ideal
12.94,0.00,2032,1056,Ideal
12.94,0.00,2032,1056,Ideal
12.94,0.00,2031,1059,Ideal
12.94,0.00,2032,1056,Ideal
12.94,0.00,2032,1057,Ideal
12.94,0.00,2032,1031,Ideal
12.94,0.00,2027,1045,Ideal
12.94,0.00,2032,1045,Ideal
12.94,0.00,2025,1046,Ideal
13.01,0.00,2019,1053,Ideal
12.94,0.00,2019,1060,Ideal
12.94,0.00,2019,1063,Ideal
12.94,0.00,2017,1061,Ideal
12.94,0.00,2020,1056,Ideal
12.94,0.00,2019,1046,Ideal
12.94,0.00,2013,1046,Ideal
13.01,0.00,2014,1050,Ideal
12.94,0.00,2011,1061,Ideal
12.94,0.00,2013,1063,Ideal
12.94,0.00,2011,1057,Ideal
12.94,0.00,2007,1053,Ideal
12.94,0.00,2010,1046,Ideal
12.94,0.00,2002,1045,Ideal
12.94,0.00,2005,1054,Ideal
12.94,0.00,2006,1057,Ideal
12.94,0.00,2005,1059,Ideal
12.94,0.00,2005,1060,Ideal
12.94,0.00,2000,1062,Ideal
12.94,0.00,2003,1059,Ideal
12.94,0.00,2005,1060,Ideal
12.94,0.00,2002,1058,Ideal
12.94,0.00,2000,1062,Ideal
12.94,0.00,2000,1061,Ideal
12.94,0.00,1994,1059,Ideal
12.98,0.00,1999,1056,Ideal
12.94,0.00,1994,1050,Ideal
12.94,0.00,1997,1043,Ideal
12.94,0.00,1998,1049,Ideal
12.94,0.00,1993,1053,Ideal
12.94,0.00,1999,1059,Ideal
12.98,0.00,1993,1060,Ideal
12.94,0.00,1997,1059,Ideal
12.94,0.00,1990,1055,Ideal
12.94,0.00,1984,1053,Ideal
13.01,0.00,1991,1050,Ideal
12.94,0.00,1988,1041,Ideal
12.98,0.00,1987,1044,Ideal
12.94,0.00,1985,1043,Ideal
12.90,0.00,1985,1050,Ideal
13.01,0.00,1983,1056,Ideal
12.94,0.00,1979,1052,Ideal
12.94,0.00,1986,1055,Ideal
12.94,0.00,1983,1050,Ideal
12.94,0.00,1987,1047,Ideal
13.01,0.00,1985,1045,Ideal
12.94,0.00,1979,1057,Ideal
12.94,0.00,1983,1063,Ideal
12.98,0.00,1982,1063,Ideal
12.94,0.00,1983,1047,Ideal
12.94,0.00,1974,1047,Ideal
12.94,0.00,1978,1050,Ideal
12.94,0.00,1978,1051,Ideal
12.94,0.00,1983,1055,Ideal
12.94,0.00,1984,1058,Ideal
12.94,0.00,1982,1056,Ideal
13.01,0.00,1975,1066,Ideal
12.94,0.00,1978,1066,Ideal
12.98,0.00,1979,1063,Ideal
12.98,0.00,1969,1062,Ideal
12.87,0.00,1971,1056,Ideal
12.98,0.00,1975,1043,Ideal
12.94,0.00,1970,1053,Ideal
12.94,0.00,1971,1063,Ideal
12.98,0.00,1971,1066,Ideal
12.94,0.00,1970,1063,Ideal
12.94,0.00,1968,1058,Ideal
12.98,0.00,1970,1065,Ideal
13.23,0.00,1971,1063,Ideal
12.94,0.00,1969,1066,Ideal
12.98,0.00,1970,1059,Ideal
12.98,0.00,1968,1054,Ideal
13.01,0.00,1965,1047,Ideal
12.94,0.00,1967,1049,Ideal
12.94,0.00,1968,1050,Ideal
12.98,0.00,1966,1053,Ideal
12.98,0.00,1964,1061,Ideal
12.94,0.00,1967,1061,Ideal
12.94,0.00,1962,1059,Ideal
12.94,0.00,1963,1056,Ideal
12.94,0.00,1963,1055,Ideal
12.94,0.00,1967,1050,Ideal
13.01,0.00,1968,1045,Ideal
12.94,0.00,1959,1049,Ideal
12.94,0.00,1963,1041,Ideal
12.90,0.00,1954,1046,Ideal
12.94,0.00,1957,1054,Ideal
12.94,0.00,1961,1063,Ideal
12.94,0.00,1961,1051,Ideal
12.94,0.00,1956,1050,Ideal
12.94,0.00,1953,1051,Ideal
12.94,0.00,1959,1060,Ideal
12.94,0.00,1955,1067,Ideal
12.94,0.00,1953,1059,Ideal
12.94,0.00,1961,1052,Ideal
12.94,0.00,1969,1046,Ideal
12.94,0.00,1958,1054,Ideal
12.94,0.00,1962,1058,Ideal
12.94,0.00,1961,1061,Ideal
12.94,0.00,1967,1062,Ideal
12.94,0.00,1961,1056,Ideal
12.94,0.00,1965,1048,Ideal
12.94,0.00,1967,1047,Ideal
12.94,0.00,1962,1044,Ideal
12.94,0.00,1961,1045,Ideal
12.94,0.00,1961,1045,Ideal
12.87,0.00,1959,1054,Ideal
12.94,0.00,1961,1062,Ideal
12.94,0.00,1955,1060,Ideal
12.87,0.00,1956,1056,Ideal
12.94,0.00,1963,1052,Ideal
12.94,0.00,1957,1050,Ideal
12.94,0.00,1954,1054,Ideal
12.90,0.00,1953,1049,Ideal
12.94,0.00,1953,1047,Ideal
12.94,0.00,1951,1047,Ideal
12.94,0.00,1949,1052,Ideal
12.94,0.00,1945,1055,Ideal
12.94,0.00,1949,1058,Ideal
12.94,0.00,1951,1056,Ideal
12.94,0.00,1950,1057,Ideal
12.94,0.00,1949,1056,Ideal
12.94,0.00,1953,1054,Ideal
12.87,0.00,1952,1051,Ideal
12.80,0.00,1955,1045,Ideal
12.94,0.00,1947,1045,Ideal
12.94,0.00,1953,1047,Ideal
12.90,0.00,1957,1049,Ideal
12.94,0.00,1953,1053,Ideal
12.90,0.00,1954,1059,Ideal
12.90,0.00,1947,1062,Ideal
12.94,0.00,1947,1062,Ideal
12.94,0.00,1943,1059,Ideal
12.94,0.00,1946,1061,Ideal
12.94,0.00,1948,1057,Ideal
12.94,0.00,1947,1056,Ideal
12.94,0.00,1947,1052,Ideal
12.98,0.00,1949,1045,Ideal
12.94,0.00,1954,1046,Ideal
12.90,0.00,1951,1051,Ideal
12.94,0.00,1949,1049,Ideal
12.94,0.00,1943,1054,Ideal
12.94,0.00,1949,1054,Ideal
12.94,0.00,1942,1057,Ideal
12.94,0.00,1947,1056,Ideal
12.94,0.00,1953,1058,Ideal
13.01,0.00,1950,1058,Ideal
12.94,0.00,1940,1063,Ideal
12.94,0.00,1947,1057,Ideal
12.94,0.00,1942,1051,Ideal
12.80,0.00,1947,1047,Ideal
12.94,0.00,1947,1045,Ideal
12.94,0.00,1943,1042,Ideal
12.94,0.00,1945,1051,Ideal
12.94,0.00,1945,1056,Ideal
12.94,0.00,1936,1063,Ideal
12.98,0.00,1943,1056,Ideal
12.94,0.00,1950,1051,Ideal
12.94,0.00,1942,1045,Ideal
12.94,0.00,1938,1043,Ideal
12.90,0.00,1942,1041,Ideal
12.87,0.00,1939,1046,Ideal
12.94,0.00,1942,1043,Ideal
12.94,0.00,1939,1044,Ideal
12.94,0.00,1925,1044,Ideal
12.94,0.00,1939,1043,Ideal
12.94,0.00,1940,1044,Ideal
12.94,0.00,1938,1050,Ideal
12.94,0.00,1944,1059,Ideal
12.94,0.00,1936,1051,Ideal
12.94,0.00,1937,1043,Ideal
12.94,0.00,1938,1047,Ideal
12.90,0.00,1941,1042,Ideal
12.94,0.00,1945,1041,Ideal
12.98,0.00,1936,1044,Ideal
12.94,0.00,1939,1047,Ideal
12.94,0.00,1936,1050,Ideal
12.94,0.00,1945,1057,Ideal
12.98,0.00,1938,1059,Ideal
12.94,0.00,1937,1054,Ideal
12.94,0.00,1936,1047,Ideal
12.83,0.00,1937,1043,Ideal
12.94,0.00,1935,1043,Ideal
12.94,0.00,1936,1047,Ideal
12.94,0.00,1934,1063,Ideal
12.94,0.00,1936,1069,Ideal
12.90,0.00,1936,1066,Ideal
12.94,0.00,1936,1055,Ideal
12.94,0.00,1936,1054,Ideal
12.94,0.00,1931,1057,Ideal
12.94,0.00,1933,1067,Ideal
12.87,0.00,1936,1061,Ideal
12.94,0.00,1936,1067,Ideal
12.94,0.00,1936,1065,Ideal
12.94,0.00,1932,1063,Ideal
12.94,0.00,1935,1061,Ideal
12.94,0.00,1938,1061,Ideal
12.80,0.00,1933,1063,Ideal
12.94,0.00,1936,1062,Ideal
12.90,0.00,1933,1052,Ideal
12.94,0.00,1935,1053,Ideal
12.94,0.00,1934,1055,Ideal
12.94,0.00,1934,1053,Ideal
12.87,0.00,1934,1053,Ideal
12.94,0.00,1936,1052,Ideal
12.90,0.00,1927,1051,Ideal
12.83,0.00,1923,1056,Ideal
12.94,0.00,1924,1059,Ideal
12.80,0.00,1931,1063,Ideal
12.87,0.00,1933,1058,Ideal
12.90,0.00,1924,1049,Ideal
12.87,0.00,1933,1043,Ideal
12.94,0.00,1926,1045,Ideal
12.90,0.00,1934,1050,Ideal
12.94,0.00,1927,1043,Ideal
12.87,0.00,1916,1047,Ideal
12.94,0.00,1934,1051,Ideal
12.94,0.00,1927,1056,Ideal
12.90,0.00,1935,1058,Ideal
12.87,0.00,1929,1055,Ideal
12.94,0.00,1933,1048,Ideal
12.94,0.00,1930,1042,Ideal
12.87,0.00,1936,1043,Ideal
12.94,0.00,1929,1047,Ideal
12.94,0.00,1931,1059,Ideal
12.87,0.00,1929,1050,Ideal
12.90,0.00,1927,1043,Ideal
12.87,0.00,1932,1051,Ideal
12.94,0.00,1929,1057,Ideal
12.94,0.00,1927,1061,Ideal
12.94,0.00,1926,1057,Ideal
12.94,0.00,1923,1051,Ideal
12.94,0.00,1926,1045,Ideal
12.94,0.00,1929,1045,Ideal
12.94,0.00,1923,1047,Ideal
12.90,0.00,1926,1056,Ideal
12.94,0.00,1924,1057,Ideal
12.94,0.00,1929,1058,Ideal
12.94,0.00,1926,1057,Ideal
12.94,0.00,1926,1059,Ideal
12.94,0.00,1925,1057,Ideal
12.90,0.00,1922,1053,Ideal
12.94,0.00,1918,1047,Ideal
12.94,0.00,1922,1047,Ideal
12.90,0.00,1925,1045,Ideal
12.94,0.00,1921,1045,Ideal
12.94,0.00,1918,1046,Ideal
12.87,0.00,1914,1047,Ideal
12.94,0.00,1922,1055,Ideal
12.94,0.00,1923,1054,Ideal
12.94,0.00,1921,1053,Ideal
12.94,0.00,1919,1051,Ideal
12.94,0.00,1926,1046,Ideal
12.94,0.00,1920,1043,Ideal
12.94,0.00,1922,1040,Ideal
12.80,0.00,1922,1053,Ideal
12.83,0.00,1919,1055,Ideal
12.94,0.00,1917,1057,Ideal
12.98,0.00,1920,1057,Ideal
12.94,0.00,1920,1059,Ideal
12.94,0.00,1917,1061,Ideal
12.90,0.00,1920,1057,Ideal
12.94,0.00,1915,1058,Ideal
12.98,0.00,1913,1055,Ideal
12.94,0.00,1914,1049,Ideal
12.94,0.00,1915,1046,Ideal
12.94,0.00,1911,1041,Ideal
12.87,0.00,1916,1044,Ideal
12.94,0.00,1917,1049,Ideal
12.94,0.00,1917,1057,Ideal
12.94,0.00,1917,1066,Ideal
12.94,0.00,1921,1063,Ideal
12.90,0.00,1916,1063,Ideal
12.94,0.00,1917,1066,Ideal
12.94,0.00,1915,1067,Ideal
12.87,0.00,1918,1062,Ideal
12.94,0.00,1918,1063,Ideal
12.94,0.00,1918,1059,Ideal
12.90,0.00,1915,1052,Ideal
12.87,0.00,1909,1047,Ideal
12.94,0.00,1915,1047,Ideal
12.94,0.00,1913,1049,Ideal
12.94,0.00,1915,1051,Ideal
12.94,0.00,1914,1051,Ideal
12.94,0.00,1918,1058,Ideal
12.94,0.00,1917,1062,Ideal
12.94,0.00,1915,1061,Ideal
12.94,0.00,1907,1062,Ideal
12.94,0.00,1910,1057,Ideal
12.87,0.00,1906,1055,Ideal
12.94,0.00,1908,1055,Ideal
12.94,0.00,1908,1062,Ideal
12.94,0.00,1911,1063,Ideal
12.90,0.00,1915,1063,Ideal
12.94,0.00,1911,1062,Ideal
12.87,0.00,1911,1057,Ideal
12.87,0.00,1914,1054,Ideal
12.94,0.00,1909,1050,Ideal
12.90,0.00,1913,1046,Ideal
12.90,0.00,1909,1047,Ideal
12.94,0.00,1913,1049,Ideal
12.94,0.00,1908,1055,Ideal
12.90,0.00,1918,1057,Ideal
12.94,0.00,1916,1059,Ideal
12.94,0.00,1917,1061,Ideal
12.94,0.00,1913,1062,Ideal
12.94,0.00,1917,1065,Ideal
12.90,0.00,1907,1063,Ideal
12.94,0.00,1904,1060,Ideal
12.94,0.00,1910,1060,Ideal
12.90,0.00,1904,1058,Ideal
12.90,0.00,1909,1059,Ideal
12.94,0.00,1906,1060,Ideal
12.94,0.00,1913,1061,Ideal
12.94,0.00,1909,1062,Ideal
12.87,0.00,1911,1058,Ideal
12.90,0.00,1911,1056,Ideal
12.94,0.00,1906,1047,Ideal
12.94,0.00,1909,1046,Ideal
12.90,0.00,1909,1049,Ideal
12.83,0.00,1904,1054,Ideal
12.94,0.00,1910,1055,Ideal
12.94,0.00,1904,1059,Ideal
12.94,0.00,1904,1059,Ideal
12.87,0.00,1907,1047,Ideal
13.05,0.00,1907,1049,Ideal
12.94,0.00,1911,1061,Ideal
12.94,0.00,1903,1054,Ideal
12.90,0.00,1909,1047,Ideal
12.94,0.00,1920,1046,Ideal
12.90,0.00,1909,1050,Ideal
12.94,0.00,1904,1051,Ideal
12.94,0.00,1905,1050,Ideal
12.94,0.00,1908,1054,Ideal
12.80,0.00,1910,1051,Ideal
12.80,0.00,1904,1045,Ideal
12.94,0.00,1908,1046,Ideal
12.87,0.00,1904,1051,Ideal
12.94,0.00,1904,1059,Ideal
12.94,0.00,1907,1058,Ideal
12.80,0.00,1904,1049,Ideal
12.94,0.00,1904,1043,Ideal
12.87,0.00,1904,1042,Ideal
12.90,0.00,1904,1041,Ideal
12.80,0.00,1905,1043,Ideal
12.90,0.00,1903,1043,Ideal
12.87,0.00,1897,1046,Ideal
12.94,0.00,1902,1041,Ideal
12.94,0.00,1904,1041,Ideal
12.94,0.00,1904,1043,Ideal
12.90,0.00,1905,1040,Ideal
12.94,0.00,1903,1046,Ideal
12.94,0.00,1903,1047,Ideal
12.94,0.00,1903,1051,Ideal
12.94,0.00,1902,1059,Ideal
12.94,0.00,1903,1054,Ideal
12.94,0.00,1904,1055,Ideal
12.94,0.00,1905,1056,Ideal
12.90,0.00,1899,1056,Ideal
12.94,0.00,1904,1058,Ideal
12.94,0.00,1904,1053,Ideal
12.94,0.00,1897,1040,Ideal
12.98,0.00,1888,1050,Ideal
12.94,0.00,1899,1057,Ideal
12.80,0.00,1900,1061,Ideal
12.87,0.00,1902,1056,Ideal
12.94,0.00,1898,1054,Ideal
12.87,0.00,1902,1053,Ideal
12.94,0.00,1893,1047,Ideal
12.87,0.00,1901,1045,Ideal
12.94,0.00,1898,1042,Ideal
12.94,0.00,1898,1044,Ideal
12.94,0.00,1893,1052,Ideal
12.94,0.00,1899,1059,Ideal
12.87,0.00,1897,1058,Ideal
12.90,0.00,1894,1051,Ideal
12.94,0.00,1895,1051,Ideal
12.94,0.00,1899,1055,Ideal
12.94,0.00,1904,1054,Ideal
12.94,0.00,1904,1053,Ideal
12.90,0.00,1904,1054,Ideal
12.94,0.00,1902,1051,Ideal
12.94,0.00,1900,1047,Ideal
12.94,0.00,1902,1042,Ideal
12.87,0.00,1898,1041,Ideal
12.90,0.00,1897,1042,Ideal
12.87,0.00,1901,1040,Ideal
12.94,0.00,1902,1040,Ideal
12.94,0.00,1902,1043,Ideal
12.94,0.00,1893,1043,Ideal
12.94,0.00,1902,1046,Ideal
12.94,0.00,1903,1053,Ideal
12.94,0.00,1898,1057,Ideal
12.94,0.00,1894,1061,Ideal
12.94,0.00,1901,1058,Ideal
12.94,0.00,1902,1058,Ideal
12.80,0.00,1902,1060,Ideal
12.80,0.00,1904,1058,Ideal
12.87,0.00,1900,1054,Ideal
12.90,0.00,1907,1046,Ideal
12.90,0.00,1904,1053,Ideal
12.94,0.00,1903,1059,Ideal
12.94,0.00,1906,1057,Ideal
12.87,0.00,1903,1058,Ideal
12.94,0.00,1901,1057,Ideal
12.94,0.00,1904,1059,Ideal
12.94,0.00,1904,1059,Ideal
12.94,0.00,1907,1063,Ideal
12.87,0.00,1904,1055,Ideal
12.87,0.00,1906,1056,Ideal
12.94,0.00,1904,1052,Ideal
12.80,0.00,1904,1047,Ideal
12.94,0.00,1905,1045,Ideal
12.87,0.00,1903,1046,Ideal
12.87,0.00,1904,1044,Ideal
12.90,0.00,1902,1046,Ideal
12.94,0.00,1903,1046,Ideal
12.87,0.00,1901,1047,Ideal
12.90,0.00,1904,1043,Ideal
12.90,0.00,1902,1050,Ideal
12.90,0.00,1903,1049,Ideal
12.90,0.00,1904,1051,Ideal
12.94,0.00,1902,1050,Ideal
12.94,0.00,1904,1050,Ideal
12.94,0.00,1898,1047,Ideal
12.94,0.00,1900,1056,Ideal
12.90,0.00,1899,1064,Ideal
12.94,0.00,1900,1062,Ideal
12.90,0.00,1904,1059,Ideal
12.83,0.00,1904,1056,Ideal
12.94,0.00,1904,1055,Ideal
12.98,0.00,1904,1057,Ideal
13.01,0.00,1905,1061,Ideal
12.90,0.00,1904,1062,Ideal
12.94,0.00,1901,1065,Ideal
12.94,0.00,1904,1062,Ideal
12.94,0.00,1905,1063,Ideal
12.94,0.00,1899,1063,Ideal
12.83,0.00,1902,1061,Ideal
12.90,0.00,1903,1055,Ideal
12.94,0.00,1899,1052,Ideal
12.94,0.00,1899,1049,Ideal
12.94,0.00,1903,1050,Ideal
12.87,0.00,1904,1047,Ideal
12.90,0.00,1906,1048,Ideal
12.94,0.00,1906,1046,Ideal
12.94,0.00,1904,1052,Ideal
12.90,0.00,1903,1063,Ideal
12.80,0.00,1903,1051,Ideal
12.87,0.00,1895,1051,Ideal
12.94,0.00,1902,1055,Ideal
12.94,0.00,1904,1060,Ideal
12.94,0.00,1903,1056,Ideal
12.94,0.00,1898,1057,Ideal
12.87,0.00,1897,1038,Ideal
12.87,0.00,1898,1034,Ideal
12.94,0.00,1903,1035,Ideal
12.90,0.00,1891,1042,Ideal
12.90,0.00,1894,1045,Ideal
12.87,0.00,1895,1043,Ideal
12.94,0.00,1898,1044,Ideal
12.87,0.00,1897,1042,Ideal
12.83,0.00,1894,1040,Ideal
12.80,0.00,1897,1041,Ideal
12.90,0.00,1887,1040,Ideal
12.80,0.00,1897,1042,Ideal
12.90,0.00,1890,1040,Ideal
12.80,0.00,1895,1040,Ideal
12.90,0.00,1893,1040,Ideal
12.90,0.00,1891,1038,Ideal
12.94,0.00,1891,1035,Ideal
12.94,0.00,1891,1039,Ideal
12.94,0.00,1895,1038,Ideal
12.76,0.00,1888,1031,Ideal
12.80,0.00,1889,1031,Ideal
12.90,0.00,1891,1037,Ideal
12.90,0.00,1893,1040,Ideal
12.80,0.00,1894,1037,Ideal
12.94,0.00,1895,1038,Ideal
12.94,0.00,1893,1040,Ideal
12.94,0.00,1894,1040,Ideal
12.90,0.00,1887,1042,Ideal
12.83,0.00,1893,1041,Ideal
12.90,0.00,1887,1046,Ideal
12.94,0.00,1899,1045,Ideal
12.90,0.00,1887,1045,Ideal
12.94,0.00,1887,1043,Ideal
12.94,0.00,1898,1041,Ideal
12.90,0.00,1891,1040,Ideal
12.94,0.00,1890,1041,Ideal
12.83,0.00,1888,1045,Ideal
12.94,0.00,1882,1041,Ideal
12.90,0.00,1891,1044,Ideal
12.94,0.00,1888,1042,Ideal
12.83,0.00,1889,1037,Ideal
12.94,0.00,1887,1035,Ideal
12.87,0.00,1887,1033,Ideal
12.94,0.00,1885,1038,Ideal
12.94,0.00,1885,1038,Ideal
12.98,0.00,1891,1040,Ideal
12.87,0.00,1889,1043,Ideal
12.87,0.00,1892,1042,Ideal
12.87,0.00,1887,1036,Ideal
12.80,0.00,1890,1023,Ideal
12.90,0.00,1889,1031,Ideal
12.90,0.00,1884,1036,Ideal
12.94,0.00,1891,1035,Ideal
12.94,0.00,1888,1039,Ideal
12.94,0.00,1893,1040,Ideal
12.94,0.00,1892,1040,Ideal
12.90,0.00,1887,1040,Ideal
12.87,0.00,1891,1040,Ideal
12.94,0.00,1887,1040,Ideal
12.94,0.00,1890,1038,Ideal
12.94,0.00,1889,1033,Ideal
12.94,0.00,1883,1023,Ideal
12.94,0.00,1886,1023,Ideal
12.90,0.00,1885,1023,Ideal
12.94,0.00,1893,1023,Ideal
12.94,0.00,1888,1023,Ideal
12.94,0.00,1891,1023,Ideal
12.90,0.00,1886,1023,Ideal
12.94,0.00,1896,1023,Ideal
12.94,0.00,1895,1022,Ideal
12.87,0.00,1892,1022,Ideal
12.94,0.00,1887,1023,Ideal
12.94,0.00,1887,1022,Ideal
12.94,0.00,1881,1034,Ideal
12.94,0.00,1894,1042,Ideal
12.94,0.00,1887,1053,Ideal
12.94,0.00,1891,1059,Ideal
12.94,0.00,1892,1059,Ideal
12.94,0.00,1888,1059,Ideal
12.94,0.00,1893,1057,Ideal
12.76,0.00,1890,1058,Ideal
12.87,0.00,1889,1055,Ideal
12.90,0.00,1898,1050,Ideal
12.94,0.00,1890,1041,Ideal
12.94,0.00,1890,1043,Ideal
12.90,0.00,1893,1055,Ideal
12.94,0.00,1889,1058,Ideal
12.94,0.00,1894,1058,Ideal
12.87,0.00,1888,1052,Ideal
12.87,0.00,1889,1050,Ideal
12.94,0.00,1891,1045,Ideal
12.94,0.00,1890,1041,Ideal
12.87,0.00,1893,1044,Ideal
12.98,0.00,1886,1054,Ideal
12.94,0.00,1891,1060,Ideal
12.83,0.00,1889,1057,Ideal
12.94,0.00,1891,1050,Ideal
12.80,0.00,1887,1046,Ideal
12.94,0.00,1886,1045,Ideal
12.90,0.00,1891,1046,Ideal
12.94,0.00,1886,1056,Ideal
12.94,0.00,1889,1045,Ideal
12.94,0.00,1887,1043,Ideal
12.94,0.00,1894,1052,Ideal
12.90,0.00,1889,1058,Ideal
12.87,0.00,1893,1058,Ideal
12.80,0.00,1888,1051,Ideal
12.87,0.00,1887,1051,Ideal
12.94,0.00,1888,1051,Ideal
12.94,0.00,1887,1050,Ideal
12.94,0.00,1886,1051,Ideal
12.94,0.00,1882,1045,Ideal
12.98,0.00,1884,1051,Ideal
12.94,0.00,1889,1051,Ideal
12.90,0.00,1885,1051,Ideal
12.87,0.00,1881,1052,Ideal
12.94,0.00,1886,1053,Ideal
12.90,0.00,1883,1050,Ideal
12.94,0.00,1911,1047,Ideal
12.90,0.00,1890,1043,Ideal
12.80,0.00,1881,1045,Ideal
12.80,0.00,1879,1051,Ideal
12.94,0.00,1881,1045,Ideal
